"Reference	Subhead"
"Genesis 1:2	The Creeation"
"Genesis 2:3	Man and Woman in the Garden"
"Genesis 3:25	The Temptation and the Fall"
"Genesis 3:7	Sin's Consequences"
"Genesis 4:24	Cain Murders Abel"
"Genesis 4:16	The Line of Cain"
"Genesis 5:26	The Line of Seth"
"Genesis 6:32	Sons of God and Daughters of Mankind"
"Genesis 6:4	Judgment Decreed"
"Genesis 6:8	God Warns Noah"
"Genesis 7:22	Entering the Ark"
"Genesis 8:24	The Flood Recedes"
"Genesis 8:14	The Lord's Promise"
"Genesis 9:22	God's Covenant with Noah"
"Genesis 9:17	Prophecies about Noah's Family"
"Genesis 10:29	The Table of Nations"
"Genesis 11:32	The Tower of Babylon"
"Genesis 11:9	From Shem to Abram"
"Genesis 12:32	The Call of Abram"
"Genesis 12:9	Abram in Egypt"
"Genesis 13:20	Abram and Lot Separate"
"Genesis 14:18	Abram Rescues Lot"
"Genesis 14:16	Melchizedek's Blessing"
"Genesis 15:24	The Abrahamic Covenant"
"Genesis 16:21	Hagar and Ishmael 16"
"Genesis 17:16	Covenant Circumcision"
"Genesis 18:27	Abraham's Three Visitors"
"Genesis 18:8	Sarah Laughs"
"Genesis 18:15	Abraham's Plea for Sodom"
"Genesis 19:33	The Destruction of Sodom and Gomorrah"
"Genesis 19:29	The Origin of Moab and Ammon"
"Genesis 20:38	Sarah Rescued from Abimelech"
"Genesis 21:18	The Birth of Isaac"
"Genesis 21:7	Hagar and Ishmael Sent Away"
"Genesis 21:21	Abraham's Covenant with Abimelech"
"Genesis 22:34	The Sacrifice of Isaac"
"Genesis 22:19	Rebekah's Family"
"Genesis 23:24	Sarah's Burial"
"Genesis 24:20	A Wife for Isaac"
"Genesis 25:67	Abraham's Other Wife and Sons"
"Genesis 25:6	Abraham's Death"
"Genesis 25:11	Ishmael's Family Records"
"Genesis 25:18	The Birth of Jacob and Esau"
"Genesis 25:26	Esau Sells His Birthright"
"Genesis 26:34	The Promise Reaffirmed to Isaac"
"Genesis 26:6	Isaac's Deception"
"Genesis 26:11	Conflicts over Wells"
"Genesis 26:22	The Lord Appears to Isaac"
"Genesis 26:25	Covenant with Abimelech 26"
"Genesis 26:33	Esau's Wives"
"Genesis 27:35	The Stolen Blessing"
"Genesis 27:40	Esau's Anger"
"Genesis 28:46	Jacob's Departure"
"Genesis 28:9	Jacob at Bethel"
"Genesis 29:22	Jacob Meets Rachel"
"Genesis 29:12	Jacob Deceived"
"Genesis 29:30	Jacob's Sons"
"Genesis 30:24	Jacob's Flocks Multiply"
"Genesis 31:43	Jacob Separates from Laban"
"Genesis 31:21	Laban Overtakes Jacob"
"Genesis 31:35	Jacob's Covenant with Laban"
"Genesis 32:55	Preparing to Meet Esau"
"Genesis 32:23	Jacob Wrestles with God"
"Genesis 33:32	Jacob Meets Esau"
"Genesis 34:20	Dinah Defiled"
"Genesis 35:31	Return to Bethel"
"Genesis 35:15	Rachel's Death"
"Genesis 35:20	Israel's Sons"
"Genesis 35:26	Isaac's Death"
"Genesis 36:29	Esau's Family"
"Genesis 36:19	Seir's Family"
"Genesis 36:30	Rulers of Edom"
"Genesis 37:43	Joseph's Dreams"
"Genesis 37:11	Joseph Sold into Slavery"
"Genesis 38:36	Judah and Tamar"
"Genesis 39:30	Joseph in Potiphar's House"
"Genesis 39:20	Joseph in Prison"
"Genesis 40:23	Joseph Interprets Two Prisoners' Dreams"
"Genesis 41:23	Joseph Interprets Pharaoh's Dreams"
"Genesis 41:36	Joseph Exalted"
"Genesis 41:45	Joseph's Administration"
"Genesis 42:57	Joseph's Brothers in Egypt"
"Genesis 42:26	The Brothers Return Home"
"Genesis 43:38	Decision to Return to Egypt"
"Genesis 43:14	The Return to Egypt"
"Genesis 44:34	Joseph's Final Test"
"Genesis 44:17	Judah's Plea for Benjamin"
"Genesis 45:34	Joseph Reveals His Identity"
"Genesis 45:15	The Return for Jacob"
"Genesis 46:28	Jacob Leaves for Egypt"
"Genesis 46:7	Jacob's Family"
"Genesis 46:27	Jacob Arrives in Egypt"
"Genesis 47:34	Pharaoh Welcomes Jacob"
"Genesis 47:12	The Land Becomes Pharaoh's"
"Genesis 47:26	Israel Settles in Goshen"
"Genesis 48:31	Jacob Blesses Ephraim and Manasseh"
"Genesis 48:12	Ephraim's Greater Blessing"
"Genesis 49:22	Jacob's Last Words"
"Genesis 49:28	Jacob's Burial Instructions"
"Genesis 50:14	Joseph's Kindness"
"Genesis 50:21	Joseph's Death"
